{"metadata":{"asset_id":"74184dc6-28fc-43eb-834a-de20d2ebc0e4","asset_attributes":["data_asset"],"name":"cancer.csv","asset_type":"data_asset","created_at":"2020-10-18T08:25:21Z","description":"","origin_country":"us","owner_id":"IBMid-5500092RRY","project_id":"a0f0e478-9e5b-4aec-a06a-130a30e6edf2","size":24566,"tags":[],"usage":{"last_update_time":1603009523098,"last_updated_at":"2020-10-18T08:25:23Z"}},"entity":{"data_asset":{"mime_type":"text/csv","dataset":false}},"attachments":[{"id":"f7801c19-b234-4924-93e0-3ce9b5fe4748","version":2,"asset_type":"data_asset","name":"cancer.csv","mime":"text/csv","datasource_type":"193a97c1-4475-4a19-b90c-295c4fdc6517","object_key":"cancer.csv","creator_id":"IBMid-5500092RRY","create_time":1603009523098,"size":24566,"is_remote":false,"is_managed":false,"is_referenced":true,"is_object_key_read_only":true,"is_user_provided_path_key":true,"transfer_complete":true,"is_partitioned":false,"complete_time_ticks":1603009523098,"user_data":{},"test_doc":0,"handle":{"bucket":"predictionnew-donotdelete-pr-i6uwk1ezlwzbtz","location":"us-geo","key":"cancer.csv","upload_id":"done","max_part_num":1},"usage":{"access_count":0,"last_accessor_id":"IBMid-5500092RRY","last_access_time":1603009523098}}]}
