{"metadata":{"asset_id":"14b2a38a-50b0-4671-bf47-7687f067faa3","asset_attributes":["wml_pipeline"],"name":"PredictionNew","asset_type":"wml_pipeline","created_at":"2020-10-18T08:25:42Z","description":"","origin_country":"us","owner_id":"IBMid-5500092RRY","project_id":"a0f0e478-9e5b-4aec-a06a-130a30e6edf2","sandbox_id":"a0f0e478-9e5b-4aec-a06a-130a30e6edf2","size":0,"tags":["dsx-project.a0f0e478-9e5b-4aec-a06a-130a30e6edf2"],"usage":{"last_update_time":1603009542461,"last_updated_at":"2020-10-18T08:25:42Z"}},"entity":{"wml_pipeline":{"document":{"doc_type":"pipeline","pipelines":[{"id":"autoai","nodes":[{"id":"automl","op":"kube","parameters":{"input_file_separator":",","optimization":{"compute_pipeline_notebooks_flag":true,"daub_adaptive_subsampling_max_mem_usage":15000000000,"holdout_param":0.1,"label":"diagnosis","learning_type":"classification","max_num_daub_ensembles":2,"positive_label":"B","run_cognito_flag":true,"scorer_for_ranking":"accuracy"},"output_logs":true,"stage_flag":true},"runtime_ref":"autoai","type":"execution_node"}],"runtime_ref":"hybrid"}],"primary_pipeline":"autoai","runtimes":[{"app_data":{"wml_data":{"hardware_spec":{"base_id":"a6c4923b-b8e4-444c-9f43-8a7ec3020110","name":"L"}}},"id":"autoai","name":"auto_ai.kb"}],"version":"2.0"},"ml_version":"4.0.0"}}}
