{"metadata":{"asset_id":"eeab3802-5720-4d6c-abfc-3917c4ba4ecb","asset_attributes":["wml_model"],"name":"PredictionNew - P3 LGBMClassifierEstimator","asset_type":"wml_model","created_at":"2020-10-18T08:35:51Z","description":"","origin_country":"us","owner_id":"IBMid-5500092RRY","project_id":"a0f0e478-9e5b-4aec-a06a-130a30e6edf2","sandbox_id":"a0f0e478-9e5b-4aec-a06a-130a30e6edf2","size":19030,"tags":[],"usage":{"last_update_time":1603010161686,"last_updated_at":"2020-10-18T08:36:01Z"}},"entity":{"wml_model":{"hybrid_pipeline_software_specs":[{"base_id":"632d4b22-10aa-5180-88f0-f52dfb6444d7","name":"autoai-kb_3.1-py3.7"}],"pipeline":{"id":"14b2a38a-50b0-4671-bf47-7687f067faa3"},"ml_version":"4.0.1","type":"wml-hybrid_0.1","schemas":{"input":[{"fields":[{"name":"radius_mean","type":"double"},{"name":"perimeter_mean","type":"double"},{"name":"area_mean","type":"double"},{"name":"compactness_mean","type":"double"},{"name":"concavity_mean","type":"double"},{"name":"concave points_mean","type":"double"}],"id":"auto_ai_kb_input_schema"}],"output":[]},"content_location":{"connection":{"access_key_id":"56ec7aef91154203890535a14be7059a","endpoint_url":"https://s3-api.us-geo.objectstorage.softlayer.net","secret_access_key":"94320ae6009587891eb8e94391fae075c19a01fc8c64a4f9","accessKeyId":"56ec7aef91154203890535a14be7059a"},"contents":[{"content_format":"native","file_name":"pipeline_model.json","location":"auto_ml/73ddbfbb-325d-457c-82bf-6684201c5400/wml_data/25779023-dce6-4950-803b-95a1e721d2ae/assets/25779023-dce6-4950-803b-95a1e721d2ae_P3_cognito_output/resources/wml_model/pipeline_model.json"},{"content_format":"pipeline-node","file_name":"P3_automl.zip","location":"auto_ml/73ddbfbb-325d-457c-82bf-6684201c5400/wml_data/25779023-dce6-4950-803b-95a1e721d2ae/assets/25779023-dce6-4950-803b-95a1e721d2ae_P3_cognito_output/resources/wml_model/P3_automl.zip","pipeline_node_id":"automl"},{"content_format":"native","file_name":"pipeline_model.json","location":"auto_ml/73ddbfbb-325d-457c-82bf-6684201c5400/wml_data/25779023-dce6-4950-803b-95a1e721d2ae/assets/25779023-dce6-4950-803b-95a1e721d2ae_P3_cognito_output/resources/wml_model/pipeline_model.json"}],"location":{"path":"auto_ml/73ddbfbb-325d-457c-82bf-6684201c5400/wml_data","training":"auto_ml/73ddbfbb-325d-457c-82bf-6684201c5400/wml_data/25779023-dce6-4950-803b-95a1e721d2ae","training_status":"auto_ml/73ddbfbb-325d-457c-82bf-6684201c5400/wml_data/25779023-dce6-4950-803b-95a1e721d2ae/training-status.json","bucket":"predictionnew-donotdelete-pr-i6uwk1ezlwzbtz","type":"s3","assets_path":"auto_ml/73ddbfbb-325d-457c-82bf-6684201c5400/wml_data/25779023-dce6-4950-803b-95a1e721d2ae/assets"},"type":"s3"},"training_data_references":[{"connection":{"endpoint_url":"https://s3-api.us-geo.objectstorage.softlayer.net","auth_endpoint":"https://iam.bluemix.net/oidc/token/","api_key":"2S0KXhllWLkPbV_aySC9ga0ElrR_BnhkDFpxtCBaFHvM","secret_access_key":"94320ae6009587891eb8e94391fae075c19a01fc8c64a4f9","access_key_id":"56ec7aef91154203890535a14be7059a","service_instance_id":"iam-ServiceId-cfac4585-5e46-4d27-a4d9-ab1544b52f4f"},"location":{"bucket":"predictionnew-donotdelete-pr-i6uwk1ezlwzbtz","path":"cancer.csv","type":"s3"},"type":"s3"}],"software_spec":{"base_id":"8c1a58c6-62b5-4dc4-987a-df751c2756b6","name":"hybrid_0.1"},"content_import_state":"completed"}},"attachments":[{"id":"de68f953-8b8b-4752-a652-718994f87d3c","version":2,"asset_type":"wml_model","name":"P3_automl.zip","datasource_type":"193a97c1-4475-4a19-b90c-295c4fdc6517","creator_id":"IBMid-5500092RRY","create_time":1603010155951,"size":17522,"is_remote":false,"is_managed":true,"is_referenced":false,"is_object_key_read_only":false,"is_user_provided_path_key":false,"transfer_complete":true,"is_partitioned":false,"complete_time_ticks":1603010157853,"user_data":{"content_format":"pipeline-node","pipeline_node_id":"automl"},"test_doc":0,"handle":{"bucket":"predictionnew-donotdelete-pr-i6uwk1ezlwzbtz","location":"us-geo","type":"bluemix_cos","key":"2ede5086-7a6a-411f-9802-894819a29cc8/eeab3802-5720-4d6c-abfc-3917c4ba4ecb/de68f953-8b8b-4752-a652-718994f87d3c","upload_id":"done","max_part_num":1},"usage":{"access_count":0,"last_accessor_id":"IBMid-5500092RRY","last_access_time":1603010155951}},{"id":"4d1a7160-11fd-42ae-b19a-5bab7aeb1d8a","version":2,"asset_type":"wml_model","name":"pipeline_model.json","datasource_type":"193a97c1-4475-4a19-b90c-295c4fdc6517","creator_id":"IBMid-5500092RRY","create_time":1603010159646,"size":1508,"is_remote":false,"is_managed":true,"is_referenced":false,"is_object_key_read_only":false,"is_user_provided_path_key":false,"transfer_complete":true,"is_partitioned":false,"complete_time_ticks":1603010161570,"user_data":{"content_format":"native"},"test_doc":0,"handle":{"bucket":"predictionnew-donotdelete-pr-i6uwk1ezlwzbtz","location":"us-geo","type":"bluemix_cos","key":"2ede5086-7a6a-411f-9802-894819a29cc8/eeab3802-5720-4d6c-abfc-3917c4ba4ecb/4d1a7160-11fd-42ae-b19a-5bab7aeb1d8a","upload_id":"done","max_part_num":1},"usage":{"access_count":0,"last_accessor_id":"IBMid-5500092RRY","last_access_time":1603010159646}}]}
